{
  "timestamp": "2026-02-06T12:07:15.653288",
  "baseline": {
    "total_trades": 107,
    "total_pnl": 18654.61402807734,
    "total_pnl_pct": 1865.461402807734,
    "win_rate": 1.0,
    "sharpe_ratio": 2.1207499173848086,
    "max_drawdown_pct": 0.0,
    "avg_holding_days": 7.990654205607477,
    "capital_turns_per_year": 45.67836257309941,
    "tp_exit_count": 0,
    "resolution_exit_count": 107
  },
  "take_profit": {
    "total_trades": 107,
    "total_pnl": 6736.584652669238,
    "total_pnl_pct": 673.6584652669237,
    "win_rate": 1.0,
    "sharpe_ratio": 0.9991443502740597,
    "max_drawdown_pct": 0.0,
    "avg_holding_days": 2.130841121495327,
    "capital_turns_per_year": 171.29385964912282,
    "tp_exit_count": 105,
    "resolution_exit_count": 2,
    "tp_hit_rate": 0.9813084112149533
  },
  "deltas": {
    "pnl_absolute": -11918.029375408103,
    "pnl_percentage": -63.88783685081931,
    "win_rate": 0.0,
    "avg_holding_days": -5.85981308411215,
    "holding_days_percentage": -73.33333333333334,
    "capital_turns": 125.61549707602342,
    "capital_turns_percentage": 275.00000000000006,
    "sharpe_ratio": -1.1216055671107488,
    "max_drawdown_pct": 0.0
  },
  "validation": {
    "tp_hit_rate_target_met": false,
    "holding_time_reduced": "True",
    "capital_turns_improved": "True"
  }
}